Titles_list,URL_list,category_list
Seven die in Kabul airport crowd - UK Ministry of Defence,/news/live/world-58279900,World
Seven die in Kabul airport crowd - UK Ministry of Defence,/news/live/world-58279900,World
Blair calls US withdrawal tragic and unnecessary,/news/uk-58295384,UK
US fears risk of Islamic State attack in Kabul,/news/world-asia-58293832,Asia
Hurricane Grace kills eight in eastern Mexico,/news/world-latin-america-58295511,Latin America & Caribbean
Kenya holds biggest ever animal census,/news/world-africa-58281212,Africa
"Nigeria's royal wedding: Private jets, glitz and glamour",/news/world-africa-58291132,Africa
US East Coast braced for Hurricane Henri,/news/world-us-canada-58294809,US & Canada
Thompson-Herah runs second-fastest 100m,/sport/athletics/58295310,BBC Sport
Antibody tests offered to UK public for first time,/news/uk-58293249,UK
Australia police clash with lockdown protesters,/news/world-australia-58291873,Australia
Fifa urges rescue of female Afghan players,/sport/football/58284092,BBC Sport
Australia police clash with lockdown protesters,/news/world-australia-58291873,Australia
Fifa urges rescue of female Afghan players,/sport/football/58284092,BBC Sport
Testosterone rules 'here to stay' insists Coe,/sport/athletics/58293627,BBC Sport
What’s the best way to top up our Covid immunity?,/news/health-58270098,Health
"Bottle message washes up after 3,000-mile journey",/news/uk-wales-58282975,Wales
